{"type":"FeatureCollection", "features": [
{"type":"Feature","geometry":{"type":"Point","coordinates":[1640226.0302500306,338268.4418261445]},"properties":{"STATEFP":"24","STATENS":"01714934","AFFGEOID":"0400000US24","GEOID":"24","STUSPS":"MD","NAME":"Maryland","LSAD":"00","ALAND":25151100280,"AWATER":6979966958,"label-text":"Maryland","fill":"blue"}},
{"type":"Feature","geometry":{"type":"Point","coordinates":[205832.46252509742,515115.62739167636]},"properties":{"STATEFP":"19","STATENS":"01779785","AFFGEOID":"0400000US19","GEOID":"19","STUSPS":"IA","NAME":"Iowa","LSAD":"00","ALAND":144661267977,"AWATER":1084180812,"label-text":"Iowa","fill":"blue"}},
{"type":"Feature","geometry":{"type":"Point","coordinates":[1745372.415850264,356953.28424376337]},"properties":{"STATEFP":"10","STATENS":"01779781","AFFGEOID":"0400000US10","GEOID":"10","STUSPS":"DE","NAME":"Delaware","LSAD":"00","ALAND":5045925646,"AWATER":1399985648,"label-text":"Delaware","fill":"blue"}},
{"type":"Feature","geometry":{"type":"Point","coordinates":[1109312.5282315623,389880.050507547]},"properties":{"STATEFP":"39","STATENS":"01085497","AFFGEOID":"0400000US39","GEOID":"39","STUSPS":"OH","NAME":"Ohio","LSAD":"00","ALAND":105828882568,"AWATER":10268850702,"label-text":"Ohio","fill":"blue"}},
{"type":"Feature","geometry":{"type":"Point","coordinates":[1512084.4670088592,523730.509954813]},"properties":{"STATEFP":"42","STATENS":"01779798","AFFGEOID":"0400000US42","GEOID":"42","STUSPS":"PA","NAME":"Pennsylvania","LSAD":"00","ALAND":115884442321,"AWATER":3394589990,"label-text":"Pennsylvania","fill":"blue"}},
{"type":"Feature","geometry":{"type":"Point","coordinates":[-314201.8472725168,458437.581165198]},"properties":{"STATEFP":"31","STATENS":"01779792","AFFGEOID":"0400000US31","GEOID":"31","STUSPS":"NE","NAME":"Nebraska","LSAD":"00","ALAND":198956658395,"AWATER":1371829134,"label-text":"Nebraska","fill":"blue"}},
{"type":"Feature","geometry":{"type":"Point","coordinates":[-1839408.3883580854,1341349.9428997615]},"properties":{"STATEFP":"53","STATENS":"01779804","AFFGEOID":"0400000US53","GEOID":"53","STUSPS":"WA","NAME":"Washington","LSAD":"00","ALAND":172112588220,"AWATER":12559278850,"label-text":"Washington","fill":"blue"}},
{"type":"Feature","geometry":null,"properties":{"STATEFP":"72","STATENS":"01779808","AFFGEOID":"0400000US72","GEOID":"72","STUSPS":"PR","NAME":"Puerto Rico","LSAD":"00","ALAND":8868896030,"AWATER":4922382562,"label-text":"Puerto Rico","fill":"blue"}},
{"type":"Feature","geometry":{"type":"Point","coordinates":[852668.617161612,-487116.0166727776]},"properties":{"STATEFP":"01","STATENS":"01779775","AFFGEOID":"0400000US01","GEOID":"01","STUSPS":"AL","NAME":"Alabama","LSAD":"00","ALAND":131174048583,"AWATER":4593327154,"label-text":"Alabama","fill":"blue"}},
{"type":"Feature","geometry":{"type":"Point","coordinates":[322458.1808372426,-285696.40054175584]},"properties":{"STATEFP":"05","STATENS":"00068085","AFFGEOID":"0400000US05","GEOID":"05","STUSPS":"AR","NAME":"Arkansas","LSAD":"00","ALAND":134768872727,"AWATER":2962859592,"label-text":"Arkansas","fill":"blue"}},
{"type":"Feature","geometry":{"type":"Point","coordinates":[-920660.5911318685,-296975.79542590736]},"properties":{"STATEFP":"35","STATENS":"00897535","AFFGEOID":"0400000US35","GEOID":"35","STUSPS":"NM","NAME":"New Mexico","LSAD":"00","ALAND":314196306401,"AWATER":728776523,"label-text":"New Mexico","fill":"blue"}},
{"type":"Feature","geometry":{"type":"Point","coordinates":[-312496.25077318837,-670564.1759295124]},"properties":{"STATEFP":"48","STATENS":"01779801","AFFGEOID":"0400000US48","GEOID":"48","STUSPS":"TX","NAME":"Texas","LSAD":"00","ALAND":676653171537,"AWATER":19006305260,"label-text":"Texas","fill":"blue"}},
{"type":"Feature","geometry":{"type":"Point","coordinates":[-2043134.8086364316,219310.8541219239]},"properties":{"STATEFP":"06","STATENS":"01779778","AFFGEOID":"0400000US06","GEOID":"06","STUSPS":"CA","NAME":"California","LSAD":"00","ALAND":403503931312,"AWATER":20463871877,"label-text":"California","fill":"blue"}},
{"type":"Feature","geometry":{"type":"Point","coordinates":[934580.0521808199,56486.951953787895]},"properties":{"STATEFP":"21","STATENS":"01779786","AFFGEOID":"0400000US21","GEOID":"21","STUSPS":"KY","NAME":"Kentucky","LSAD":"00","ALAND":102279490672,"AWATER":2375337755,"label-text":"Kentucky","fill":"blue"}},
{"type":"Feature","geometry":{"type":"Point","coordinates":[1169042.146309592,-466370.57637457736]},"properties":{"STATEFP":"13","STATENS":"01705317","AFFGEOID":"0400000US13","GEOID":"13","STUSPS":"GA","NAME":"Georgia","LSAD":"00","ALAND":149482048342,"AWATER":4422936154,"label-text":"Georgia","fill":"blue"}},
{"type":"Feature","geometry":{"type":"Point","coordinates":[475255.85625079693,811639.1566363466]},"properties":{"STATEFP":"55","STATENS":"01779806","AFFGEOID":"0400000US55","GEOID":"55","STUSPS":"WI","NAME":"Wisconsin","LSAD":"00","ALAND":140290039723,"AWATER":29344951758,"label-text":"Wisconsin","fill":"blue"}},
{"type":"Feature","geometry":{"type":"Point","coordinates":[-1943081.4904550242,972403.7338766798]},"properties":{"STATEFP":"41","STATENS":"01155107","AFFGEOID":"0400000US41","GEOID":"41","STUSPS":"OR","NAME":"Oregon","LSAD":"00","ALAND":248606993270,"AWATER":6192386935,"label-text":"Oregon","fill":"blue"}},
{"type":"Feature","geometry":{"type":"Point","coordinates":[306454.91501175193,101799.7055445684]},"properties":{"STATEFP":"29","STATENS":"01779791","AFFGEOID":"0400000US29","GEOID":"29","STUSPS":"MO","NAME":"Missouri","LSAD":"00","ALAND":178050802184,"AWATER":2489425460,"label-text":"Missouri","fill":"blue"}},
{"type":"Feature","geometry":{"type":"Point","coordinates":[1491580.2420412253,136505.2957863915]},"properties":{"STATEFP":"51","STATENS":"01779803","AFFGEOID":"0400000US51","GEOID":"51","STUSPS":"VA","NAME":"Virginia","LSAD":"00","ALAND":102257717110,"AWATER":8528531774,"label-text":"Virginia","fill":"blue"}},
{"type":"Feature","geometry":{"type":"Point","coordinates":[862427.9025877399,-140029.54011193823]},"properties":{"STATEFP":"47","STATENS":"01325873","AFFGEOID":"0400000US47","GEOID":"47","STUSPS":"TN","NAME":"Tennessee","LSAD":"00","ALAND":106802728188,"AWATER":2350123465,"label-text":"Tennessee","fill":"blue"}},
{"type":"Feature","geometry":{"type":"Point","coordinates":[387230.45929162623,-716319.4356744898]},"properties":{"STATEFP":"22","STATENS":"01629543","AFFGEOID":"0400000US22","GEOID":"22","STUSPS":"LA","NAME":"Louisiana","LSAD":"00","ALAND":111897594374,"AWATER":23753621895,"label-text":"Louisiana","fill":"blue"}},
{"type":"Feature","geometry":{"type":"Point","coordinates":[1650854.1993837557,787113.7038702363]},"properties":{"STATEFP":"36","STATENS":"01779796","AFFGEOID":"0400000US36","GEOID":"36","STUSPS":"NY","NAME":"New York","LSAD":"00","ALAND":122049149763,"AWATER":19246994695,"label-text":"New York","fill":"blue"}},
{"type":"Feature","geometry":{"type":"Point","coordinates":[914092.8557906946,723697.9862659641]},"properties":{"STATEFP":"26","STATENS":"01779789","AFFGEOID":"0400000US26","GEOID":"26","STUSPS":"MI","NAME":"Michigan","LSAD":"00","ALAND":146600952990,"AWATER":103885855702,"label-text":"Michigan","fill":"blue"}},
{"type":"Feature","geometry":{"type":"Point","coordinates":[-1470645.0393143827,910791.3562011893]},"properties":{"STATEFP":"16","STATENS":"01779783","AFFGEOID":"0400000US16","GEOID":"16","STUSPS":"ID","NAME":"Idaho","LSAD":"00","ALAND":214049787659,"AWATER":2391722557,"label-text":"Idaho","fill":"blue"}},
{"type":"Feature","geometry":{"type":"Point","coordinates":[1322997.0018348894,-896592.569122196]},"properties":{"STATEFP":"12","STATENS":"00294478","AFFGEOID":"0400000US12","GEOID":"12","STUSPS":"FL","NAME":"Florida","LSAD":"00","ALAND":138949136250,"AWATER":31361101223,"label-text":"Florida","fill":"blue"}},
{"type":"Feature","geometry":{"type":"Point","coordinates":[-1887550.6626663285,-920701.3141182608]},"properties":{"STATEFP":"02","STATENS":"01785533","AFFGEOID":"0400000US02","GEOID":"02","STUSPS":"AK","NAME":"Alaska","LSAD":"00","ALAND":1478839695958,"AWATER":245481577452,"label-text":"Alaska","fill":"blue"}},
{"type":"Feature","geometry":{"type":"Point","coordinates":[574977.7308025681,305272.6146603293]},"properties":{"STATEFP":"17","STATENS":"01779784","AFFGEOID":"0400000US17","GEOID":"17","STUSPS":"IL","NAME":"Illinois","LSAD":"00","ALAND":143780567633,"AWATER":6214824948,"label-text":"Illinois","fill":"blue"}},
{"type":"Feature","geometry":{"type":"Point","coordinates":[-1037341.4673228766,1140278.9947717767]},"properties":{"STATEFP":"30","STATENS":"00767982","AFFGEOID":"0400000US30","GEOID":"30","STUSPS":"MT","NAME":"Montana","LSAD":"00","ALAND":376962738765,"AWATER":3869208832,"label-text":"Montana","fill":"blue"}},
{"type":"Feature","geometry":{"type":"Point","coordinates":[131090.72888377405,982035.1072900231]},"properties":{"STATEFP":"27","STATENS":"00662849","AFFGEOID":"0400000US27","GEOID":"27","STUSPS":"MN","NAME":"Minnesota","LSAD":"00","ALAND":206228939448,"AWATER":18945217189,"label-text":"Minnesota","fill":"blue"}},
{"type":"Feature","geometry":{"type":"Point","coordinates":[822263.0660914046,310358.3820309299]},"properties":{"STATEFP":"18","STATENS":"00448508","AFFGEOID":"0400000US18","GEOID":"18","STUSPS":"IN","NAME":"Indiana","LSAD":"00","ALAND":92789302676,"AWATER":1538002829,"label-text":"Indiana","fill":"blue"}},
{"type":"Feature","geometry":{"type":"Point","coordinates":[1962796.6572127712,784584.8525054897]},"properties":{"STATEFP":"25","STATENS":"00606926","AFFGEOID":"0400000US25","GEOID":"25","STUSPS":"MA","NAME":"Massachusetts","LSAD":"00","ALAND":20205125364,"AWATER":7129925486,"label-text":"Massachusetts","fill":"blue"}},
{"type":"Feature","geometry":{"type":"Point","coordinates":[-205382.01281405357,113899.74400264403]},"properties":{"STATEFP":"20","STATENS":"00481813","AFFGEOID":"0400000US20","GEOID":"20","STUSPS":"KS","NAME":"Kansas","LSAD":"00","ALAND":211755344060,"AWATER":1344141205,"label-text":"Kansas","fill":"blue"}},
{"type":"Feature","geometry":{"type":"Point","coordinates":[-1748436.8701858646,395528.424980257]},"properties":{"STATEFP":"32","STATENS":"01779793","AFFGEOID":"0400000US32","GEOID":"32","STUSPS":"NV","NAME":"Nevada","LSAD":"00","ALAND":284329506470,"AWATER":2047206072,"label-text":"Nevada","fill":"blue"}},
{"type":"Feature","geometry":{"type":"Point","coordinates":[1844257.383728791,962728.7947402858]},"properties":{"STATEFP":"50","STATENS":"01779802","AFFGEOID":"0400000US50","GEOID":"50","STUSPS":"VT","NAME":"Vermont","LSAD":"00","ALAND":23874175944,"AWATER":1030416650,"label-text":"Vermont","fill":"blue"}},
{"type":"Feature","geometry":{"type":"Point","coordinates":[1905782.6326846292,695995.4201746347]},"properties":{"STATEFP":"09","STATENS":"01779780","AFFGEOID":"0400000US09","GEOID":"09","STUSPS":"CT","NAME":"Connecticut","LSAD":"00","ALAND":12542497068,"AWATER":1815617571,"label-text":"Connecticut","fill":"blue"}},
{"type":"Feature","geometry":{"type":"Point","coordinates":[1785978.3501923,501719.47763617575]},"properties":{"STATEFP":"34","STATENS":"01779795","AFFGEOID":"0400000US34","GEOID":"34","STUSPS":"NJ","NAME":"New Jersey","LSAD":"00","ALAND":19047825980,"AWATER":3544860246,"label-text":"New Jersey","fill":"blue"}},
{"type":"Feature","geometry":{"type":"Point","coordinates":[1620136.7355971828,319739.2820537848]},"properties":{"STATEFP":"11","STATENS":"01702382","AFFGEOID":"0400000US11","GEOID":"11","STUSPS":"DC","NAME":"District of Columbia","LSAD":"00","ALAND":158340391,"AWATER":18687198,"label-text":"District of Columbia","fill":"blue"}},
{"type":"Feature","geometry":{"type":"Point","coordinates":[1503599.2811706725,-84657.86509081103]},"properties":{"STATEFP":"37","STATENS":"01027616","AFFGEOID":"0400000US37","GEOID":"37","STUSPS":"NC","NAME":"North Carolina","LSAD":"00","ALAND":125923656064,"AWATER":13466071395,"label-text":"North Carolina","fill":"blue"}},
{"type":"Feature","geometry":{"type":"Point","coordinates":[-1332831.6474717008,312487.8163631627]},"properties":{"STATEFP":"49","STATENS":"01455989","AFFGEOID":"0400000US49","GEOID":"49","STUSPS":"UT","NAME":"Utah","LSAD":"00","ALAND":212886221680,"AWATER":6998824394,"label-text":"Utah","fill":"blue"}},
{"type":"Feature","geometry":{"type":"Point","coordinates":[-338773.7060497541,1118173.5908832673]},"properties":{"STATEFP":"38","STATENS":"01779797","AFFGEOID":"0400000US38","GEOID":"38","STUSPS":"ND","NAME":"North Dakota","LSAD":"00","ALAND":178707534813,"AWATER":4403267548,"label-text":"North Dakota","fill":"blue"}},
{"type":"Feature","geometry":{"type":"Point","coordinates":[1381405.8068961413,-292140.6959201953]},"properties":{"STATEFP":"45","STATENS":"01779799","AFFGEOID":"0400000US45","GEOID":"45","STUSPS":"SC","NAME":"South Carolina","LSAD":"00","ALAND":77864918488,"AWATER":5075218778,"label-text":"South Carolina","fill":"blue"}},
{"type":"Feature","geometry":{"type":"Point","coordinates":[589863.3831913717,-513086.4643705572]},"properties":{"STATEFP":"28","STATENS":"01779790","AFFGEOID":"0400000US28","GEOID":"28","STUSPS":"MS","NAME":"Mississippi","LSAD":"00","ALAND":121533519481,"AWATER":3926919758,"label-text":"Mississippi","fill":"blue"}},
{"type":"Feature","geometry":{"type":"Point","coordinates":[-817859.3865781657,208834.65902124473]},"properties":{"STATEFP":"08","STATENS":"01779779","AFFGEOID":"0400000US08","GEOID":"08","STUSPS":"CO","NAME":"Colorado","LSAD":"00","ALAND":268422891711,"AWATER":1181621593,"label-text":"Colorado","fill":"blue"}},
{"type":"Feature","geometry":{"type":"Point","coordinates":[-335530.43909304624,784121.4630744853]},"properties":{"STATEFP":"46","STATENS":"01785534","AFFGEOID":"0400000US46","GEOID":"46","STUSPS":"SD","NAME":"South Dakota","LSAD":"00","ALAND":196346981786,"AWATER":3382720225,"label-text":"South Dakota","fill":"blue"}},
{"type":"Feature","geometry":{"type":"Point","coordinates":[-134197.2554505198,-212886.77442870248]},"properties":{"STATEFP":"40","STATENS":"01102857","AFFGEOID":"0400000US40","GEOID":"40","STUSPS":"OK","NAME":"Oklahoma","LSAD":"00","ALAND":177662925723,"AWATER":3374587997,"label-text":"Oklahoma","fill":"blue"}},
{"type":"Feature","geometry":{"type":"Point","coordinates":[-934470.2020794072,671993.7804206348]},"properties":{"STATEFP":"56","STATENS":"01779807","AFFGEOID":"0400000US56","GEOID":"56","STUSPS":"WY","NAME":"Wyoming","LSAD":"00","ALAND":251458544898,"AWATER":1867670745,"label-text":"Wyoming","fill":"blue"}},
{"type":"Feature","geometry":{"type":"Point","coordinates":[1320220.617633597,235094.1802664201]},"properties":{"STATEFP":"54","STATENS":"01779805","AFFGEOID":"0400000US54","GEOID":"54","STUSPS":"WV","NAME":"West Virginia","LSAD":"00","ALAND":62266474513,"AWATER":489028543,"label-text":"West Virginia","fill":"blue"}},
{"type":"Feature","geometry":{"type":"Point","coordinates":[2070374.9228680995,1169250.0881641079]},"properties":{"STATEFP":"23","STATENS":"01779787","AFFGEOID":"0400000US23","GEOID":"23","STUSPS":"ME","NAME":"Maine","LSAD":"00","ALAND":79887426037,"AWATER":11746549764,"label-text":"Maine","fill":"blue"}},
{"type":"Feature","geometry":{"type":"Point","coordinates":[-895720.8931454523,-1210116.5723748656]},"properties":{"STATEFP":"15","STATENS":"01779782","AFFGEOID":"0400000US15","GEOID":"15","STUSPS":"HI","NAME":"Hawaii","LSAD":"00","ALAND":16633990195,"AWATER":11777809026,"label-text":"Hawaii","fill":"blue"}},
{"type":"Feature","geometry":{"type":"Point","coordinates":[1939283.1581297577,942265.6840308933]},"properties":{"STATEFP":"33","STATENS":"01779794","AFFGEOID":"0400000US33","GEOID":"33","STUSPS":"NH","NAME":"New Hampshire","LSAD":"00","ALAND":23189413166,"AWATER":1026675248,"label-text":"New Hampshire","fill":"blue"}},
{"type":"Feature","geometry":{"type":"Point","coordinates":[-1424357.8249386812,-243203.04256014607]},"properties":{"STATEFP":"04","STATENS":"01779777","AFFGEOID":"0400000US04","GEOID":"04","STUSPS":"AZ","NAME":"Arizona","LSAD":"00","ALAND":294198551143,"AWATER":1027337603,"label-text":"Arizona","fill":"blue"}},
{"type":"Feature","geometry":{"type":"Point","coordinates":[2000160.1562924508,726366.8263902345]},"properties":{"STATEFP":"44","STATENS":"01219835","AFFGEOID":"0400000US44","GEOID":"44","STUSPS":"RI","NAME":"Rhode Island","LSAD":"00","ALAND":2677779902,"AWATER":1323670487,"label-text":"Rhode Island","fill":"blue"}}
]}